{"IcoMoonType":"selection","icons":[{"icon":{"paths":["M512 307.2l-153.6 153.6h102.4v409.6h102.4v-409.6h102.4l-153.6-153.6zM921.6 204.8c0-28.314-2.458-51.2-30.72-51.2h-757.76c-28.262 0-30.72 22.886-30.72 51.2s2.458 51.2 30.72 51.2h757.76c28.262 0 30.72-22.886 30.72-51.2z"],"attrs":[{}],"isMulticolor":false,"isMulticolor2":false,"tags":["align-top"],"grid":20},"attrs":[{}],"properties":{"order":1,"id":0,"prevSize":20,"code":59648,"name":"align-top"},"setIdx":0,"setId":2,"iconIdx":0}],"height":1024,"metadata":{"name":"rzf-icon"},"preferences":{"showGlyphs":true,"showQuickUse":true,"showQuickUse2":true,"showSVGs":true,"fontPref":{"prefix":"rzf-","metadata":{"fontFamily":"rzf-icon","majorVersion":1,"minorVersion":0},"metrics":{"emSize":1024,"baseline":6.25,"whitespace":50},"embed":false},"imagePref":{"prefix":"icon-","png":true,"useClassSelector":true,"color":0,"bgColor":16777215,"classSelector":".icon"},"historySize":50,"showCodes":true,"gridSize":16}}